codigo_cola;anio;tipo;fabricante;modelo;motores;asientos;velocidad;tipo_motor
N3762Y;2001;Ala fija multimotor;BOEING;737-832;2;189;NA;Turboreactor
N388HA;2012;Ala fija multimotor;AIRBUS;A330-243;2;377;NA;Turboventilador
N36469;2013;Ala fija multimotor;BOEING;737-924ER;2;191;NA;Turboventilador
N390HA;2013;Ala fija multimotor;AIRBUS;A330-243;2;377;NA;Turboventilador
N14704;1998;Ala fija multimotor;BOEING;737-724;2;149;NA;Turboreactor
N259WN;2006;Ala fija multimotor;BOEING;737-7H4;2;140;NA;Turboventilador
N998AT;2002;Ala fija multimotor;BOEING;717-200;2;100;NA;Turboventilador
N448WN;2003;Ala fija multimotor;BOEING;737-7H4;2;140;NA;Turboventilador
N14230;1999;Ala fija multimotor;BOEING;737-824;2;149;NA;Turboventilador
N8323C;2012;Ala fija multimotor;BOEING;737-8H4;2;140;NA;Turboventilador
N12114;1995;Ala fija multimotor;BOEING;757-224;2;178;NA;Turboreactor
N472UA;2001;Ala fija multimotor;AIRBUS INDUSTRIE;A320-232;2;200;NA;Turboventilador
N955DN;1996;Ala fija multimotor;MCDONNELL DOUGLAS;MD-90-30;2;142;NA;Turboventilador
N30401;2001;Ala fija multimotor;BOEING;737-924;2;191;NA;Turboventilador
N348NW;1993;Ala fija multimotor;AIRBUS INDUSTRIE;A320-212;2;182;NA;Turboventilador
N75432;2009;Ala fija multimotor;BOEING;737-924ER;2;191;NA;Turboventilador
N78448;2012;Ala fija multimotor;BOEING;737-924ER;2;191;NA;Turboventilador
N297PQ;2013;Ala fija multimotor;BOMBARDIER INC;CL-600-2D24;2;95;NA;Turboventilador
N904DE;1992;Ala fija multimotor;MCDONNELL DOUGLAS CORPORATION;MD-88;2;142;NA;Turboreactor
N629JB;2005;Ala fija multimotor;AIRBUS;A320-232;2;200;NA;Turboventilador
N185UW;2002;Ala fija multimotor;AIRBUS INDUSTRIE;A321-211;2;199;NA;Turboreactor
N199DN;1998;Ala fija multimotor;BOEING;767-332;2;330;NA;Turboventilador
N20904;2012;Ala fija multimotor;BOEING;787-8;2;260;NA;Turboventilador
N8423C;2000;Ala fija multimotor;BOMBARDIER INC;CL-600-2B19;2;55;NA;Turboventilador
N214FR;2011;Ala fija multimotor;AIRBUS;A320-214;2;182;NA;Turboventilador
N979AT;2002;Ala fija multimotor;BOEING;717-200;2;100;NA;Turboventilador
N738CB;1999;Ala fija multimotor;BOEING;737-7H4;2;140;NA;Turboventilador
N406UA;1994;Ala fija multimotor;AIRBUS INDUSTRIE;A320-232;2;200;NA;Turboventilador
N73259;2001;Ala fija multimotor;BOEING;737-824;2;149;NA;Turboventilador
N853UA;2002;Ala fija multimotor;AIRBUS;A319-131;2;179;NA;Turboreactor
N377DA;1999;Ala fija multimotor;BOEING;737-832;2;189;NA;Turboreactor
N368NB;2003;Ala fija multimotor;AIRBUS;A319-114;2;145;NA;Turboventilador
N14904;2001;Ala fija multimotor;EMBRAER;EMB-145LR;2;55;NA;Turboventilador
N920DN;NA;Ala fija multimotor;MCDONNELL DOUGLAS;MD-90-30;2;142;NA;Turboventilador
N19117;1996;Ala fija multimotor;BOEING;757-224;2;178;NA;Turboreactor
N809JB;2012;Ala fija multimotor;AIRBUS;A320-232;2;200;NA;Turboventilador
N433AA;1987;Ala fija multimotor;MCDONNELL DOUGLAS;DC-9-83(MD-83);2;172;NA;Turboventilador
N709EV;2002;Ala fija multimotor;BOMBARDIER INC;CL-600-2C10;2;80;NA;Turboventilador
N239JB;2006;Ala fija multimotor;EMBRAER;ERJ 190-100 IGW;2;20;NA;Turboventilador
N919XJ;2008;Ala fija multimotor;BOMBARDIER INC;CL-600-2D24;2;95;NA;Turboventilador
N766SW;2000;Ala fija multimotor;BOEING;737-7H4;2;140;NA;Turboventilador
N8600F;2012;Ala fija multimotor;BOEING;737-8H4;2;140;NA;Turboventilador
N723UW;1999;Ala fija multimotor;AIRBUS INDUSTRIE;A319-112;2;179;NA;Turboventilador
N703JB;2008;Ala fija multimotor;AIRBUS;A320-232;2;200;NA;Turboventilador
N16999;2000;Ala fija multimotor;EMBRAER;EMB-145LR;2;55;NA;Turboventilador
N617SW;1995;Ala fija multimotor;BOEING;737-3H4;2;149;NA;Turboventilador
N419AS;2013;Ala fija multimotor;BOEING;737-990ER;2;222;NA;Turboventilador
N910DL;1987;Ala fija multimotor;MCDONNELL DOUGLAS AIRCRAFT CO;MD-88;2;142;NA;Turboventilador
N7811F;2001;Ala fija multimotor;BOEING;737-76N;2;149;NA;Turboventilador
N407AS;2012;Ala fija multimotor;BOEING;737-990ER;2;222;NA;Turboventilador
N558AS;2006;Ala fija multimotor;BOEING;737-890;2;149;NA;Turboventilador
N11544;2002;Ala fija multimotor;EMBRAER;EMB-145LR;2;55;NA;Turboventilador
N223WN;2005;Ala fija multimotor;BOEING;737-7H4;2;140;NA;Turboventilador
N665AW;2001;Ala fija multimotor;AIRBUS INDUSTRIE;A320-232;2;200;NA;Turboventilador
N34460;2012;Ala fija multimotor;BOEING;737-924ER;2;191;NA;Turboventilador
N441US;1990;Ala fija multimotor;BOEING;737-4B7;2;149;NA;Turboventilador
N278AT;2005;Ala fija multimotor;BOEING;737-76N;2;149;NA;Turboventilador
N971DL;1991;Ala fija multimotor;MCDONNELL DOUGLAS AIRCRAFT CO;MD-88;2;142;NA;Turboventilador
N951AT;2000;Ala fija multimotor;BOEING;717-200;2;100;NA;Turboventilador
N633DL;1987;Ala fija multimotor;BOEING;757-232;2;178;NA;Turboventilador
N37434;2009;Ala fija multimotor;BOEING;737-924ER;2;191;NA;Turboventilador
N188US;2002;Ala fija multimotor;AIRBUS;A321-211;2;199;NA;Turboventilador
N13958;1998;Ala fija multimotor;EMBRAER;EMB-145LR;2;55;NA;Turboventilador
N7812G;NA;Ala fija multimotor;BOEING;737-76N;2;149;NA;Turboventilador
N433UA;1996;Ala fija multimotor;AIRBUS INDUSTRIE;A320-232;2;200;NA;Turboventilador
N316NB;2000;Ala fija multimotor;AIRBUS INDUSTRIE;A319-114;2;145;NA;Turboventilador
N530US;1988;Ala fija multimotor;BOEING;757-251;2;178;NA;Turboreactor
N182DN;1992;Ala fija multimotor;BOEING;767-332;2;330;NA;Turboventilador
N57857;2004;Ala fija multimotor;BOEING;757-324;2;275;NA;Turboventilador
N618WN;1995;Ala fija multimotor;BOEING;737-3H4;2;149;NA;Turboventilador
N324JB;2010;Ala fija multimotor;EMBRAER;ERJ 190-100 IGW;2;20;NA;Turboventilador
N14905;2001;Ala fija multimotor;EMBRAER;EMB-145LR;2;55;NA;Turboventilador
N680AW;2005;Ala fija multimotor;AIRBUS;A320-232;2;200;NA;Turboventilador
N439AA;1987;Ala fija multimotor;MCDONNELL DOUGLAS;DC-9-83(MD-83);2;172;NA;Turboventilador
N163US;2001;Ala fija multimotor;AIRBUS INDUSTRIE;A321-211;2;199;NA;Turboreactor
N328NW;1992;Ala fija multimotor;AIRBUS INDUSTRIE;A320-211;2;182;NA;Turboreactor
N347NB;2002;Ala fija multimotor;AIRBUS;A319-114;2;145;NA;Turboventilador
N273WN;2007;Ala fija multimotor;BOEING;737-7H4;2;140;NA;Turboventilador
N273JB;2007;Ala fija multimotor;EMBRAER;ERJ 190-100 IGW;2;20;NA;Turboventilador
N915WN;2008;Ala fija multimotor;BOEING;737-7H4;2;140;NA;Turboventilador
N238WN;2005;Ala fija multimotor;BOEING;737-7H4;2;140;NA;Turboventilador
N359NB;2003;Ala fija multimotor;AIRBUS;A319-114;2;145;NA;Turboventilador
N589AS;2007;Ala fija multimotor;BOEING;737-890;2;149;NA;Turboventilador
N7738A;2006;Ala fija multimotor;BOEING;737-7BD;2;149;NA;Turboventilador
N755SA;1999;Ala fija multimotor;BOEING;737-7H4;2;140;NA;Turboventilador
N409WN;2001;Ala fija multimotor;BOEING;737-7H4;2;140;NA;Turboventilador
N14972;1999;Ala fija multimotor;EMBRAER;EMB-145LR;2;55;NA;Turboventilador
N3760C;2001;Ala fija multimotor;BOEING;737-832;2;189;NA;Turboreactor
N33266;2001;Ala fija multimotor;BOEING;737-824;2;149;NA;Turboventilador
N33294;2005;Ala fija multimotor;BOEING;737-824;2;149;NA;Turboventilador
N970AT;2001;Ala fija multimotor;BOEING;717-200;2;100;NA;Turboventilador
N8797A;2003;Ala fija multimotor;BOMBARDIER INC;CL-600-2B19;2;55;NA;Turboventilador
N623AA;1990;Ala fija multimotor;BOEING;757-223;2;178;NA;Turboventilador
N77510;2008;Ala fija multimotor;BOEING;737-824;2;149;NA;Turboventilador
N229JB;2006;Ala fija multimotor;EMBRAER;ERJ 190-100 IGW;2;20;NA;Turboventilador
N359AA;1988;Ala fija multimotor;BOEING;767-323;2;330;NA;Turboventilador
N8317M;2012;Ala fija multimotor;BOEING;737-8H4;2;140;NA;Turboventilador
N519MQ;1983;Ala fija monomotor;CESSNA;A185F;1;6;127;Recíproco
N14952;1998;Ala fija multimotor;EMBRAER;EMB-145LR;2;55;NA;Turboventilador
N845MH;2002;Ala fija multimotor;BOEING;767-432ER;2;300;NA;Turboreactor
N442UA;1998;Ala fija multimotor;AIRBUS INDUSTRIE;A320-232;2;200;NA;Turboventilador
N957AT;2000;Ala fija multimotor;BOEING;717-200;2;100;NA;Turboventilador
N786SW;2000;Ala fija multimotor;BOEING;737-7H4;2;140;NA;Turboventilador
N514UA;1990;Ala fija multimotor;BOEING;757-222;2;178;NA;Turboreactor
N6702;1999;Ala fija multimotor;BOEING;757-232;2;178;NA;Turboventilador
N358NB;2003;Ala fija multimotor;AIRBUS;A319-114;2;145;NA;Turboventilador
N18220;1998;Ala fija multimotor;BOEING;737-824;2;149;NA;Turboventilador
N769SW;2000;Ala fija multimotor;BOEING;737-7H4;2;140;NA;Turboventilador
N292JB;2008;Ala fija multimotor;EMBRAER;ERJ 190-100 IGW;2;20;NA;Turboventilador
N637DL;1988;Ala fija multimotor;BOEING;757-232;2;178;NA;Turboventilador
N316JB;2009;Ala fija multimotor;EMBRAER;ERJ 190-100 IGW;2;20;NA;Turboventilador
N552UW;2011;Ala fija multimotor;AIRBUS;A321-231;2;379;NA;Turboventilador
N11119;2002;Ala fija multimotor;EMBRAER;EMB-145XR;2;55;NA;Turboventilador
N675UA;2000;Ala fija multimotor;BOEING;767-322;2;330;NA;Turboventilador
N759GS;1999;Ala fija multimotor;BOEING;737-7H4;2;140;NA;Turboventilador
N596UA;1998;Ala fija multimotor;BOEING;757-222;2;178;NA;Turboreactor
N272AT;NA;Ala fija multimotor;BOEING;777-200;2;400;NA;Turboreactor
N855UA;2002;Ala fija multimotor;AIRBUS;A319-131;2;179;NA;Turboreactor
N197DN;1997;Ala fija multimotor;BOEING;767-332;2;330;NA;Turboventilador
N77518;2008;Ala fija multimotor;BOEING;737-824;2;149;NA;Turboventilador
N915DL;1988;Ala fija multimotor;MCDONNELL DOUGLAS AIRCRAFT CO;MD-88;2;142;NA;Turboventilador
N563JB;2003;Ala fija multimotor;AIRBUS;A320-232;2;200;NA;Turboventilador
N663UA;1993;Ala fija multimotor;BOEING;767-322;2;330;NA;Turboventilador
N665JB;2007;Ala fija multimotor;AIRBUS;A320-232;2;200;NA;Turboventilador
N536UW;2009;Ala fija multimotor;AIRBUS;A321-231;2;379;NA;Turboventilador
N385HA;2012;Ala fija multimotor;AIRBUS;A330-243;2;377;NA;Turboventilador
N329JB;2011;Ala fija multimotor;EMBRAER;ERJ 190-100 IGW;2;20;NA;Turboventilador
N827AY;2005;Ala fija multimotor;BOMBARDIER INC;CL-600-2B19;2;55;NA;Turboventilador
N924FJ;2004;Ala fija multimotor;BOMBARDIER INC;CL-600-2D24;2;95;NA;Turboventilador
N445WN;2003;Ala fija multimotor;BOEING;737-7H4;2;140;NA;Turboventilador
N11137;2003;Ala fija multimotor;EMBRAER;EMB-145XR;2;55;NA;Turboventilador
N980DL;1991;Ala fija multimotor;MCDONNELL DOUGLAS AIRCRAFT CO;MD-88;2;142;NA;Turboventilador
N961UW;2008;Ala fija multimotor;EMBRAER;ERJ 190-100 IGW;2;20;NA;Turboventilador
N13970;1999;Ala fija multimotor;EMBRAER;EMB-145LR;2;55;NA;Turboventilador
N590NW;2003;Ala fija multimotor;BOEING;757-351;2;275;NA;Turboreactor
N459UA;2000;Ala fija multimotor;AIRBUS INDUSTRIE;A320-232;2;200;NA;Turboventilador
N920XJ;2008;Ala fija multimotor;BOMBARDIER INC;CL-600-2D24;2;95;NA;Turboventilador
N7702A;2004;Ala fija multimotor;BOEING;737-7BD;2;149;NA;Turboventilador
N7744A;2007;Ala fija multimotor;BOEING;737-7BD;2;149;NA;Turboventilador
N958UW;2008;Ala fija multimotor;EMBRAER;ERJ 190-100 IGW;2;20;NA;Turboventilador
N834AY;2005;Ala fija multimotor;BOMBARDIER INC;CL-600-2B19;2;55;NA;Turboventilador
N242WN;2006;Ala fija multimotor;BOEING;737-7H4;2;140;NA;Turboventilador
N339NW;1992;Ala fija multimotor;AIRBUS INDUSTRIE;A320-212;2;182;NA;Turboventilador
N7746C;2007;Ala fija multimotor;BOEING;737-7BD;2;149;NA;Turboventilador
N8543F;2001;Ala fija multimotor;BOMBARDIER INC;CL-600-2B19;2;55;NA;Turboventilador
N366NW;1999;Ala fija multimotor;AIRBUS INDUSTRIE;A320-212;2;182;NA;Turboventilador
N447WN;2003;Ala fija multimotor;BOEING;737-7H4;2;140;NA;Turboventilador
N836UA;2001;Ala fija multimotor;AIRBUS INDUSTRIE;A319-131;2;179;NA;Turboreactor
N1604R;1999;Ala fija multimotor;BOEING;767-332;2;330;NA;Turboventilador
N8674A;2002;Ala fija multimotor;BOMBARDIER INC;CL-600-2B19;2;55;NA;Turboventilador
N737MQ;1977;Ala fija monomotor;CESSNA;172N;1;4;105;Recíproco
N404WN;2001;Ala fija multimotor;BOEING;737-7H4;2;140;NA;Turboventilador
N602AW;1996;Ala fija multimotor;AIRBUS INDUSTRIE;A320-232;2;200;NA;Turboventilador
N475UA;2001;Ala fija multimotor;AIRBUS INDUSTRIE;A320-232;2;200;NA;Turboventilador
N8444F;2000;Ala fija multimotor;BOMBARDIER INC;CL-600-2B19;2;55;NA;Turboventilador
N3734B;2000;Ala fija multimotor;BOEING;737-832;2;189;NA;Turboreactor
N361SW;1992;Ala fija multimotor;BOEING;737-3H4;2;149;NA;Turboventilador
N842UA;2001;Ala fija multimotor;AIRBUS INDUSTRIE;A319-131;2;179;NA;Turboreactor
N517AS;2008;Ala fija multimotor;BOEING;737-890;2;149;NA;Turboventilador
N320US;1991;Ala fija multimotor;AIRBUS INDUSTRIE;A320-211;2;182;NA;Turboreactor
N901DE;1992;Ala fija multimotor;MCDONNELL DOUGLAS CORPORATION;MD-88;2;142;NA;Turboreactor
N17719;1999;Ala fija multimotor;BOEING;737-724;2;149;NA;Turboreactor
N660SW;1985;Ala fija multimotor;BOEING;737-301;2;149;NA;Turboventilador
N76522;2010;Ala fija multimotor;BOEING;737-824;2;149;NA;Turboventilador
N12218;1998;Ala fija multimotor;BOEING;737-824;2;149;NA;Turboventilador
N13995;2000;Ala fija multimotor;EMBRAER;EMB-145LR;2;55;NA;Turboventilador
N594JB;2004;Ala fija multimotor;AIRBUS;A320-232;2;200;NA;Turboventilador
N107US;1999;Ala fija multimotor;AIRBUS INDUSTRIE;A320-214;2;182;NA;Turboventilador
N918DL;1988;Ala fija multimotor;MCDONNELL DOUGLAS AIRCRAFT CO;MD-88;2;142;NA;Turboventilador
N612AA;1989;Ala fija multimotor;BOEING;757-223;2;178;NA;Turboventilador
N753EV;2004;Ala fija multimotor;BOMBARDIER INC;CL-600-2C10;2;80;NA;Turboventilador
N8942A;2004;Ala fija multimotor;BOMBARDIER INC;CL-600-2B19;2;55;NA;Turboventilador
N830AW;NA;Ala fija multimotor;AIRBUS INDUSTRIE;A319-132;2;179;NA;Turboreactor
N374SW;1993;Ala fija multimotor;BOEING;737-3H4;2;149;NA;Turboventilador
N730SW;1999;Ala fija multimotor;BOEING;737-7H4;2;140;NA;Turboventilador
N336NW;1992;Ala fija multimotor;AIRBUS INDUSTRIE;A320-212;2;182;NA;Turboventilador
N881AS;2001;Ala fija multimotor;BOMBARDIER INC;CL-600-2B19;2;55;NA;Turboventilador
N39297;2005;Ala fija multimotor;BOEING;737-824;2;149;NA;Turboventilador
N821UA;1998;Ala fija multimotor;AIRBUS INDUSTRIE;A319-131;2;179;NA;Turboreactor
N8308K;2012;Ala fija multimotor;BOEING;737-8H4;2;140;NA;Turboventilador
N408WN;2001;Ala fija multimotor;BOEING;737-7H4;2;140;NA;Turboventilador
N416WN;2001;Ala fija multimotor;BOEING;737-7H4;2;140;NA;Turboventilador
N190JB;2005;Ala fija multimotor;EMBRAER;ERJ 190-100 IGW;2;20;NA;Turboventilador
N281WN;2007;Ala fija multimotor;BOEING;737-7H4;2;140;NA;Turboventilador
N306JB;2009;Ala fija multimotor;EMBRAER;ERJ 190-100 IGW;2;20;NA;Turboventilador
N8621A;2013;Ala fija multimotor;BOEING;737-8H4;2;140;NA;Turboventilador
N641UA;1991;Ala fija multimotor;BOEING;767-322;2;330;NA;Turboventilador
N824UA;1999;Ala fija multimotor;AIRBUS INDUSTRIE;A319-131;2;179;NA;Turboreactor
N353SW;1990;Ala fija multimotor;BOEING;737-3H4;2;149;NA;Turboventilador
N75426;NA;Ala fija multimotor;BOEING;737-924ER;2;191;NA;Turboventilador
N173DZ;1998;Ala fija multimotor;BOEING;767-332;2;330;NA;Turboventilador
N28457;2012;Ala fija multimotor;BOEING;737-924ER;2;191;NA;Turboventilador
N915AT;2001;Ala fija multimotor;BOEING;717-200;2;100;NA;Turboventilador
N14173;2004;Ala fija multimotor;EMBRAER;EMB-145XR;2;55;NA;Turboventilador
N171DN;1990;Ala fija multimotor;BOEING;767-332;2;330;NA;Turboventilador
N729SW;1999;Ala fija multimotor;BOEING;737-7H4;2;140;NA;Turboventilador
N642VA;2008;Ala fija multimotor;AIRBUS;A320-214;2;182;NA;Turboventilador
N928DL;1988;Ala fija multimotor;MCDONNELL DOUGLAS AIRCRAFT CO;MD-88;2;142;NA;Turboventilador
N276AT;2005;Ala fija multimotor;BOEING;737-76N;2;149;NA;Turboventilador
N292WN;2007;Ala fija multimotor;BOEING;737-7H4;2;140;NA;Turboventilador
N616SW;1995;Ala fija multimotor;BOEING;737-3H4;2;149;NA;Turboventilador
N627AW;1989;Ala fija multimotor;AIRBUS INDUSTRIE;A320-231;2;182;NA;Turboreactor
N335NB;2002;Ala fija multimotor;AIRBUS INDUSTRIE;A319-114;2;145;NA;Turboventilador
N933DL;1989;Ala fija multimotor;MCDONNELL DOUGLAS AIRCRAFT CO;MD-88;2;142;NA;Turboventilador
N712JB;2008;Ala fija multimotor;AIRBUS;A320-232;2;200;NA;Turboventilador
N821JB;2012;Ala fija multimotor;AIRBUS;A320-232;2;200;NA;Turboventilador
N402UA;1993;Ala fija multimotor;AIRBUS INDUSTRIE;A320-232;2;200;NA;Turboventilador
N673AW;NA;Ala fija multimotor;AIRBUS;A320-232;2;200;NA;Turboventilador
N495WN;2004;Ala fija multimotor;BOEING;737-7H4;2;140;NA;Turboventilador
N16541;2001;Ala fija multimotor;EMBRAER;EMB-145LR;2;55;NA;Turboventilador
N789JB;2011;Ala fija multimotor;AIRBUS;A320-232;2;200;NA;Turboventilador
N829UA;2000;Ala fija multimotor;AIRBUS INDUSTRIE;A319-131;2;179;NA;Turboreactor
N829MH;2000;Ala fija multimotor;BOEING;767-432ER;2;300;NA;Turboreactor
N8946A;2004;Ala fija multimotor;BOMBARDIER INC;CL-600-2B19;2;55;NA;Turboventilador
N623DL;1987;Ala fija multimotor;BOEING;757-232;2;178;NA;Turboventilador
N443US;1990;Ala fija multimotor;BOEING;737-4B7;2;149;NA;Turboventilador
N426UA;1995;Ala fija multimotor;AIRBUS INDUSTRIE;A320-232;2;200;NA;Turboventilador
N458WN;2004;Ala fija multimotor;BOEING;737-7H4;2;140;NA;Turboventilador
N105UW;1999;Ala fija multimotor;AIRBUS INDUSTRIE;A320-214;2;182;NA;Turboventilador
N38451;2012;Ala fija multimotor;BOEING;737-924ER;2;191;NA;Turboventilador
N555LV;2011;Ala fija multimotor;BOEING;737-7BD;2;149;NA;Turboventilador
N662DN;1991;Ala fija multimotor;BOEING;757-232;2;178;NA;Turboventilador
N906FJ;2003;Ala fija multimotor;BOMBARDIER INC;CL-600-2D24;2;95;NA;Turboventilador
N184JB;2005;Ala fija multimotor;EMBRAER;ERJ 190-100 IGW;2;20;NA;Turboventilador
N895AT;2004;Ala fija multimotor;BOEING;717-200;2;100;NA;Turboventilador
N369SW;1993;Ala fija multimotor;BOEING;737-3H4;2;149;NA;Turboventilador
N8608N;2013;Ala fija multimotor;BOEING;737-8H4;2;140;NA;Turboventilador
N784SW;2000;Ala fija multimotor;BOEING;737-7H4;2;140;NA;Turboventilador
N78511;2008;Ala fija multimotor;BOEING;737-824;2;149;NA;Turboventilador
N521US;1986;Ala fija multimotor;BOEING;757-251;2;178;NA;Turboreactor
N671UA;1999;Ala fija multimotor;BOEING;767-322;2;330;NA;Turboventilador
N551AS;2006;Ala fija multimotor;BOEING;737-890;2;149;NA;Turboventilador
N291AT;2006;Ala fija multimotor;BOEING;737-76N;2;149;NA;Turboventilador
N823UA;1998;Ala fija multimotor;AIRBUS INDUSTRIE;A319-131;2;179;NA;Turboreactor
N446UA;1998;Ala fija multimotor;AIRBUS INDUSTRIE;A320-232;2;200;NA;Turboventilador
N514MJ;2003;Ala fija multimotor;BOMBARDIER INC;CL-600-2C10;2;80;NA;Turboventilador
N8321D;2012;Ala fija multimotor;BOEING;737-8H4;2;140;NA;Turboventilador
N904DA;1995;Ala fija multimotor;MCDONNELL DOUGLAS;MD-90-30;2;142;NA;Turboreactor
N513UA;1990;Ala fija multimotor;BOEING;757-222;2;178;NA;Turboreactor
N580UA;1993;Ala fija multimotor;BOEING;757-222;2;178;NA;Turboreactor
N758US;2000;Ala fija multimotor;AIRBUS INDUSTRIE;A319-112;2;179;NA;Turboventilador
N295WN;2007;Ala fija multimotor;BOEING;737-7H4;2;140;NA;Turboventilador
N826MH;2000;Ala fija multimotor;BOEING;767-432ER;2;300;NA;Turboreactor
N967WN;2011;Ala fija multimotor;BOEING;737-7H4;2;140;NA;Turboventilador
N583AA;1991;Ala fija multimotor;MCDONNELL DOUGLAS;DC-9-82(MD-82);2;172;NA;Turboventilador
N842VA;2011;Ala fija multimotor;AIRBUS;A320-214;2;182;NA;Turboventilador
N251WN;2006;Ala fija multimotor;BOEING;737-7H4;2;140;NA;Turboventilador
N717SA;1998;Ala fija multimotor;BOEING;737-7H4;2;140;NA;Turboventilador
N228WN;2005;Ala fija multimotor;BOEING;737-7H4;2;140;NA;Turboventilador
N554AA;1991;Ala fija multimotor;MCDONNELL DOUGLAS;DC-9-82(MD-82);2;172;NA;Turboventilador
N561UA;1992;Ala fija multimotor;BOEING;757-222;2;178;NA;Turboreactor
N807JB;2012;Ala fija multimotor;AIRBUS;A320-232;2;200;NA;Turboventilador
N567UW;2013;Ala fija multimotor;AIRBUS;A321-231;2;379;NA;Turboventilador
N552NW;2001;Ala fija multimotor;BOEING;757-251;2;178;NA;Turboreactor
N8960A;2004;Ala fija multimotor;BOMBARDIER INC;CL-600-2B19;2;55;NA;Turboventilador
N176UW;2001;Ala fija multimotor;AIRBUS INDUSTRIE;A321-211;2;199;NA;Turboreactor
N906DL;1987;Ala fija multimotor;MCDONNELL DOUGLAS AIRCRAFT CO;MD-88;2;142;NA;Turboventilador
N748EV;2004;Ala fija multimotor;BOMBARDIER INC;CL-600-2C10;2;80;NA;Turboventilador
N546UA;1991;Ala fija multimotor;BOEING;757-222;2;178;NA;Turboreactor
N775JB;2009;Ala fija multimotor;AIRBUS;A320-232;2;200;NA;Turboventilador
N373NW;2001;Ala fija multimotor;AIRBUS INDUSTRIE;A320-212;2;182;NA;Turboventilador
N506AS;2008;Ala fija multimotor;BOEING;737-890;2;149;NA;Turboventilador
N953WN;2010;Ala fija multimotor;BOEING;737-7H4;2;140;NA;Turboventilador
N8646A;2002;Ala fija multimotor;BOMBARDIER INC;CL-600-2B19;2;55;NA;Turboventilador
N721UW;1999;Ala fija multimotor;AIRBUS INDUSTRIE;A319-112;2;179;NA;Turboventilador
N226WN;2005;Ala fija multimotor;BOEING;737-7H4;2;140;NA;Turboventilador
N390AA;1995;Ala fija multimotor;BOEING;767-323;2;330;NA;Turboventilador
N39728;1999;Ala fija multimotor;BOEING;737-724;2;149;NA;Turboreactor
N14116;2002;Ala fija multimotor;EMBRAER;EMB-145XR;2;55;NA;Turboventilador
N796JB;2012;Ala fija multimotor;AIRBUS;A320-232;2;200;NA;Turboventilador
N360AA;1988;Ala fija multimotor;BOEING;767-323;2;330;NA;Turboventilador
N756US;2000;Ala fija multimotor;AIRBUS INDUSTRIE;A319-112;2;179;NA;Turboventilador
N988AT;2001;Ala fija multimotor;BOEING;717-200;2;100;NA;Turboventilador
N778SW;2000;Ala fija multimotor;BOEING;737-7H4;2;140;NA;Turboventilador
N935DL;1989;Ala fija multimotor;MCDONNELL DOUGLAS AIRCRAFT CO;MD-88;2;142;NA;Turboventilador
N921DN;NA;Ala fija multimotor;MCDONNELL DOUGLAS;MD-90-30;2;142;NA;Turboventilador
N16546;2002;Ala fija multimotor;EMBRAER;EMB-145LR;2;55;NA;Turboventilador
N364AA;1973;Ala fija multimotor;CESSNA;310Q;2;6;167;Recíproco
N406WN;2001;Ala fija multimotor;BOEING;737-7H4;2;140;NA;Turboventilador
N24224;1998;Ala fija multimotor;BOEING;737-824;2;149;NA;Turboventilador
N586AS;2007;Ala fija multimotor;BOEING;737-890;2;149;NA;Turboventilador
N372AA;1992;Ala fija multimotor;BOEING;767-323;2;330;NA;Turboventilador
N617DL;1986;Ala fija multimotor;BOEING;757-232;2;178;NA;Turboventilador
N317NB;2000;Ala fija multimotor;AIRBUS INDUSTRIE;A319-114;2;145;NA;Turboventilador
N378AA;1963;Ala fija monomotor;CESSNA;172E;1;4;105;Recíproco
N8314L;2012;Ala fija multimotor;BOEING;737-8H4;2;140;NA;Turboventilador
N511SW;1991;Ala fija multimotor;BOEING;737-5H4;2;149;NA;Turboreactor
N676DL;1992;Ala fija multimotor;BOEING;757-232;2;178;NA;Turboventilador
N905DE;1992;Ala fija multimotor;MCDONNELL DOUGLAS CORPORATION;MD-88;2;142;NA;Turboreactor
N658AW;1999;Ala fija multimotor;AIRBUS INDUSTRIE;A320-232;2;200;NA;Turboventilador
N459WN;2004;Ala fija multimotor;BOEING;737-7H4;2;140;NA;Turboventilador
N425LV;2002;Ala fija multimotor;BOEING;737-7H4;2;140;NA;Turboventilador
N540UW;2009;Ala fija multimotor;AIRBUS;A321-231;2;379;NA;Turboventilador
N524JB;2001;Ala fija multimotor;AIRBUS INDUSTRIE;A320-232;2;200;NA;Turboventilador
N39726;1999;Ala fija multimotor;BOEING;737-724;2;149;NA;Turboreactor
N344SW;1989;Ala fija multimotor;BOEING;737-3H4;2;149;NA;Turboventilador
N586AA;1991;Ala fija multimotor;MCDONNELL DOUGLAS;DC-9-82(MD-82);2;172;NA;Turboventilador
N362AA;1988;Ala fija multimotor;BOEING;767-323;2;330;NA;Turboventilador
N677AW;2005;Ala fija multimotor;AIRBUS;A320-232;2;200;NA;Turboventilador
N453UA;1999;Ala fija multimotor;AIRBUS INDUSTRIE;A320-232;2;200;NA;Turboventilador
N802AW;1998;Ala fija multimotor;AIRBUS INDUSTRIE;A319-132;2;179;NA;Turboreactor
N542US;1996;Ala fija multimotor;BOEING;757-251;2;178;NA;Turboreactor
N454UA;1999;Ala fija multimotor;AIRBUS INDUSTRIE;A320-232;2;200;NA;Turboventilador
N13718;1999;Ala fija multimotor;BOEING;737-724;2;149;NA;Turboreactor
N362SW;1992;Ala fija multimotor;BOEING;737-3H4;2;149;NA;Turboventilador
N14120;1997;Ala fija multimotor;BOEING;757-224;2;178;NA;Turboreactor
N718SW;1998;Ala fija multimotor;BOEING;737-7H4;2;140;NA;Turboventilador
N75425;2008;Ala fija multimotor;BOEING;737-924ER;2;191;NA;Turboventilador
N460WN;2004;Ala fija multimotor;BOEING;737-7H4;2;140;NA;Turboventilador
N901XJ;2007;Ala fija multimotor;BOMBARDIER INC;CL-600-2D24;2;95;NA;Turboventilador
N391CA;2003;Ala fija multimotor;BOMBARDIER INC;CL-600-2C10;2;80;NA;Turboventilador
N1607B;2000;Ala fija multimotor;BOEING;767-332;2;330;NA;Turboventilador
N384DA;1999;Ala fija multimotor;BOEING;737-832;2;189;NA;Turboreactor
N430US;1989;Ala fija multimotor;BOEING;737-4B7;2;149;NA;Turboventilador
N485WN;2004;Ala fija multimotor;BOEING;737-7H4;2;140;NA;Turboventilador
N278WN;2007;Ala fija multimotor;BOEING;737-7H4;2;140;NA;Turboventilador
N797SK;2010;Ala fija multimotor;BOMBARDIER INC;CL-600-2C10;2;80;NA;Turboventilador
N36247;1999;Ala fija multimotor;BOEING;737-824;2;149;NA;Turboventilador
N923DL;1988;Ala fija multimotor;MCDONNELL DOUGLAS AIRCRAFT CO;MD-88;2;142;NA;Turboventilador
N753US;2000;Ala fija multimotor;AIRBUS INDUSTRIE;A319-112;2;179;NA;Turboventilador
N605JB;2005;Ala fija multimotor;AIRBUS;A320-232;2;200;NA;Turboventilador
N963WN;2011;Ala fija multimotor;BOEING;737-7H4;2;140;NA;Turboventilador
N655JB;2007;Ala fija multimotor;AIRBUS;A320-232;2;200;NA;Turboventilador
N606SW;1995;Ala fija multimotor;BOEING;737-3H4;2;149;NA;Turboventilador
N317JB;2010;Ala fija multimotor;EMBRAER;ERJ 190-100 IGW;2;20;NA;Turboventilador
N814UA;1998;Ala fija multimotor;AIRBUS INDUSTRIE;A319-131;2;179;NA;Turboreactor
N339JB;2011;Ala fija multimotor;EMBRAER;ERJ 190-100 IGW;2;20;NA;Turboventilador
N601WN;1995;Ala fija multimotor;BOEING;737-3H4;2;149;NA;Turboventilador
N930WN;2009;Ala fija multimotor;BOEING;737-7H4;2;140;NA;Turboventilador
N15910;2001;Ala fija multimotor;EMBRAER;EMB-145LR;2;55;NA;Turboventilador
N454WN;2004;Ala fija multimotor;BOEING;737-7H4;2;140;NA;Turboventilador
N7730A;2006;Ala fija multimotor;BOEING;737-7BD;2;149;NA;Turboventilador
N358AA;1988;Ala fija multimotor;BOEING;767-323;2;330;NA;Turboventilador
N793SA;2001;Ala fija multimotor;BOEING;737-7H4;2;140;NA;Turboventilador
N631AW;1990;Ala fija multimotor;AIRBUS INDUSTRIE;A320-231;2;182;NA;Turboreactor
N526UA;1991;Ala fija multimotor;BOEING;757-222;2;178;NA;Turboreactor
N14158;2004;Ala fija multimotor;EMBRAER;EMB-145XR;2;55;NA;Turboventilador
N942WN;2009;Ala fija multimotor;BOEING;737-7H4;2;140;NA;Turboventilador
N934WN;2009;Ala fija multimotor;BOEING;737-7H4;2;140;NA;Turboventilador
N480AA;1988;Ala fija multimotor;MCDONNELL DOUGLAS;DC-9-82(MD-82);2;172;NA;Turboventilador
N627VA;2006;Ala fija multimotor;AIRBUS;A320-214;2;182;NA;Turboventilador
N713SW;1998;Ala fija multimotor;BOEING;737-7H4;2;140;NA;Turboventilador
N8758D;2003;Ala fija multimotor;BOMBARDIER INC;CL-600-2B19;2;55;NA;Turboventilador
N537AS;2012;Ala fija multimotor;BOEING;737-890;2;149;NA;Turboventilador
N525VA;2007;Ala fija multimotor;AIRBUS;A319-112;2;100;NA;Turboventilador
N434AA;1987;Ala fija multimotor;MCDONNELL DOUGLAS;DC-9-83(MD-83);2;172;NA;Turboventilador
N3742C;2001;Ala fija multimotor;BOEING;737-832;2;189;NA;Turboreactor
N437UA;1997;Ala fija multimotor;AIRBUS INDUSTRIE;A320-232;2;200;NA;Turboventilador
N527VA;2008;Ala fija multimotor;AIRBUS;A319-112;2;100;NA;Turboventilador
N937DL;1989;Ala fija multimotor;MCDONNELL DOUGLAS AIRCRAFT CO;MD-88;2;142;NA;Turboventilador
N927WN;NA;Ala fija multimotor;BOEING;737-7H4;2;140;NA;Turboventilador
N384HA;2011;Ala fija multimotor;AIRBUS;A330-243;2;377;NA;Turboventilador
N518UA;1990;Ala fija multimotor;BOEING;757-222;2;178;NA;Turboreactor
N77431;2009;Ala fija multimotor;BOEING;737-924ER;2;191;NA;Turboventilador
N73256;2000;Ala fija multimotor;BOEING;737-824;2;149;NA;Turboventilador
N8894A;NA;Ala fija multimotor;BOMBARDIER INC;CL-600-2B19;2;55;NA;Turboventilador
N610WN;1995;Ala fija multimotor;BOEING;737-3H4;2;149;NA;Turboventilador
N8928A;2004;Ala fija multimotor;BOMBARDIER INC;CL-600-2B19;2;55;NA;Turboventilador
N523VA;2007;Ala fija multimotor;AIRBUS;A319-112;2;100;NA;Turboventilador
N988DL;1991;Ala fija multimotor;MCDONNELL DOUGLAS AIRCRAFT CO;MD-88;2;142;NA;Turboventilador
N399DA;2000;Ala fija multimotor;BOEING;737-832;2;189;NA;Turboreactor
N760SW;2000;Ala fija multimotor;BOEING;737-7H4;2;140;NA;Turboventilador
N601XJ;2005;Ala fija multimotor;BOMBARDIER INC;CL-600-2B19;2;55;NA;Turboventilador
N502MJ;2002;Ala fija multimotor;BOMBARDIER INC;CL-600-2C10;2;80;NA;Turboventilador
N705SW;1998;Ala fija multimotor;BOEING;737-7H4;2;140;NA;Turboventilador
N516JB;2000;Ala fija multimotor;AIRBUS INDUSTRIE;A320-232;2;200;NA;Turboventilador
N762SK;2005;Ala fija multimotor;BOMBARDIER INC;CL-600-2C10;2;80;NA;Turboventilador
N820AW;2000;Ala fija multimotor;AIRBUS INDUSTRIE;A319-132;2;179;NA;Turboreactor
N900EV;2002;Ala fija multimotor;BOMBARDIER INC;CL-600-2B19;2;55;NA;Turboventilador
N15572;2002;Ala fija multimotor;EMBRAER;EMB-145LR;2;55;NA;Turboventilador
N231WN;2006;Ala fija multimotor;BOEING;737-7H4;2;140;NA;Turboventilador
N371CA;2003;Ala fija multimotor;BOMBARDIER INC;CL-600-2C10;2;80;NA;Turboventilador
N682DA;1993;Ala fija multimotor;BOEING;757-232;2;178;NA;Turboventilador
N916DL;1988;Ala fija multimotor;MCDONNELL DOUGLAS AIRCRAFT CO;MD-88;2;142;NA;Turboventilador
N356SW;1991;Ala fija multimotor;BOEING;737-3H4;2;149;NA;Turboventilador
N246LV;2006;Ala fija multimotor;BOEING;737-7H4;2;140;NA;Turboventilador
N38443;2010;Ala fija multimotor;BOEING;737-924ER;2;191;NA;Turboventilador
N929DL;1988;Ala fija multimotor;MCDONNELL DOUGLAS AIRCRAFT CO;MD-88;2;142;NA;Turboventilador
N355NB;2002;Ala fija multimotor;AIRBUS;A319-114;2;145;NA;Turboventilador
N820AY;2005;Ala fija multimotor;BOMBARDIER INC;CL-600-2B19;2;55;NA;Turboventilador
N936AT;1999;Ala fija multimotor;BOEING;717-200;2;100;NA;Turboventilador
N943DN;1997;Ala fija multimotor;MCDONNELL DOUGLAS;MD-90-30;2;142;NA;Turboventilador
N249WN;2006;Ala fija multimotor;BOEING;737-7H4;2;140;NA;Turboventilador
N365NW;1999;Ala fija multimotor;AIRBUS INDUSTRIE;A320-212;2;182;NA;Turboventilador
N8794B;2003;Ala fija multimotor;BOMBARDIER INC;CL-600-2B19;2;55;NA;Turboventilador
N267WN;2007;Ala fija multimotor;BOEING;737-7H4;2;140;NA;Turboventilador
N703TW;1996;Ala fija multimotor;BOEING;757-2Q8;2;178;NA;Turboventilador
N785SK;2009;Ala fija multimotor;BOMBARDIER INC;CL-600-2C10;2;80;NA;Turboventilador
N29124;1998;Ala fija multimotor;BOEING;757-224;2;178;NA;Turboreactor
N942DL;1989;Ala fija multimotor;MCDONNELL DOUGLAS AIRCRAFT CO;MD-88;2;142;NA;Turboventilador
N430WN;2002;Ala fija multimotor;BOEING;737-7H4;2;140;NA;Turboventilador
N102UW;1998;Ala fija multimotor;AIRBUS INDUSTRIE;A320-214;2;182;NA;Turboventilador
N3737C;2000;Ala fija multimotor;BOEING;737-832;2;189;NA;Turboreactor
N549UA;1992;Ala fija multimotor;BOEING;757-222;2;178;NA;Turboreactor
N561UW;2012;Ala fija multimotor;AIRBUS;A321-231;2;379;NA;Turboventilador
N379SW;1994;Ala fija multimotor;BOEING;737-3H4;2;149;NA;Turboventilador
N309JB;2009;Ala fija multimotor;EMBRAER;ERJ 190-100 IGW;2;20;NA;Turboventilador
N938AT;2006;Ala fija multimotor;BOEING;717-200;2;100;NA;Turboventilador
N637JB;2006;Ala fija multimotor;AIRBUS;A320-232;2;200;NA;Turboventilador
N185DN;1995;Ala fija multimotor;BOEING;767-332;2;330;NA;Turboventilador
N955UW;2008;Ala fija multimotor;EMBRAER;ERJ 190-100 IGW;2;20;NA;Turboventilador
N946UW;2007;Ala fija multimotor;EMBRAER;ERJ 190-100 IGW;2;20;NA;Turboventilador
N12221;1998;Ala fija multimotor;BOEING;737-824;2;149;NA;Turboventilador
N757LV;1999;Ala fija multimotor;BOEING;737-7H4;2;140;NA;Turboventilador
N17104;1994;Ala fija multimotor;BOEING;757-224;2;178;NA;Turboreactor
N933AT;2000;Ala fija multimotor;BOEING;717-200;2;100;NA;Turboventilador
N514AS;2008;Ala fija multimotor;BOEING;737-890;2;149;NA;Turboventilador
N468UA;2000;Ala fija multimotor;AIRBUS INDUSTRIE;A320-232;2;200;NA;Turboventilador
N830AS;1998;Ala fija multimotor;CANADAIR;CL-600-2B19;2;55;NA;Turboventilador
N174AT;2004;Ala fija multimotor;BOEING;737-76N;2;149;NA;Turboventilador
N594AA;1992;Ala fija multimotor;MCDONNELL DOUGLAS;DC-9-83(MD-83);2;172;NA;Turboventilador
N19554;2002;Ala fija multimotor;EMBRAER;EMB-145LR;2;55;NA;Turboventilador
N260WN;2006;Ala fija multimotor;BOEING;737-7H4;2;140;NA;Turboventilador
N761RR;2000;Ala fija multimotor;BOEING;737-7H4;2;140;NA;Turboventilador
N3731T;2000;Ala fija multimotor;BOEING;737-832;2;189;NA;Turboreactor
N828AW;NA;Ala fija multimotor;AIRBUS INDUSTRIE;A319-132;2;179;NA;Turboreactor
N918DE;1993;Ala fija multimotor;MCDONNELL DOUGLAS AIRCRAFT CO;MD-88;2;142;NA;Turboventilador
N715SW;1998;Ala fija multimotor;BOEING;737-7H4;2;140;NA;Turboventilador
N12567;2002;Ala fija multimotor;EMBRAER;EMB-145LR;2;55;NA;Turboventilador
N73406;2001;Ala fija multimotor;BOEING;737-924;2;191;NA;Turboventilador
N7724A;2009;Ala fija multimotor;BOEING;737-7BD;2;149;NA;Turboventilador
N556AS;2006;Ala fija multimotor;BOEING;737-890;2;149;NA;Turboventilador
N496AA;1989;Ala fija multimotor;MCDONNELL DOUGLAS;DC-9-82(MD-82);2;172;NA;Turboventilador
N275WN;2007;Ala fija multimotor;BOEING;737-7H4;2;140;NA;Turboventilador
N389AA;1995;Ala fija multimotor;BOEING;767-323;2;330;NA;Turboventilador
N649UA;1992;Ala fija multimotor;BOEING;767-322;2;330;NA;Turboventilador
N734SA;1999;Ala fija multimotor;BOEING;737-7H4;2;140;NA;Turboventilador
N763SW;2000;Ala fija multimotor;BOEING;737-7H4;2;140;NA;Turboventilador
N437AA;1987;Ala fija multimotor;MCDONNELL DOUGLAS;DC-9-83(MD-83);2;172;NA;Turboventilador
N48901;2001;Ala fija multimotor;EMBRAER;EMB-145LR;2;55;NA;Turboventilador
N526VA;2008;Ala fija multimotor;AIRBUS;A319-112;2;100;NA;Turboventilador
N512AS;2008;Ala fija multimotor;BOEING;737-890;2;149;NA;Turboventilador
N903JB;2013;Ala fija multimotor;AIRBUS;A321-231;2;379;NA;Turboventilador
N234WN;2006;Ala fija multimotor;BOEING;737-7H4;2;140;NA;Turboventilador
N836AS;1998;Ala fija multimotor;BOMBARDIER INC;CL-600-2B19;2;55;NA;Turboventilador
N76502;2006;Ala fija multimotor;BOEING;737-824;2;149;NA;Turboventilador
N832UA;2000;Ala fija multimotor;AIRBUS INDUSTRIE;A319-131;2;179;NA;Turboreactor
N35204;2000;Ala fija multimotor;BOEING;737-824;2;149;NA;Turboventilador
N934DL;1989;Ala fija multimotor;MCDONNELL DOUGLAS AIRCRAFT CO;MD-88;2;142;NA;Turboventilador
N968AT;2001;Ala fija multimotor;BOEING;717-200;2;100;NA;Turboventilador
N8694A;2002;Ala fija multimotor;BOMBARDIER INC;CL-600-2B19;2;55;NA;Turboventilador
N16919;2001;Ala fija multimotor;EMBRAER;EMB-145LR;2;55;NA;Turboventilador
N527SW;1992;Ala fija multimotor;BOEING;737-5H4;2;149;NA;Turboreactor
N14107;1994;Ala fija multimotor;BOEING;757-224;2;178;NA;Turboreactor
N534US;1988;Ala fija multimotor;BOEING;757-251;2;178;NA;Turboreactor
N188DN;1996;Ala fija multimotor;BOEING;767-332;2;330;NA;Turboventilador
N66056;2001;Ala fija multimotor;BOEING;767-424ER;2;292;NA;Turboreactor
N16911;2001;Ala fija multimotor;EMBRAER;EMB-145LR;2;55;NA;Turboventilador
N705UW;NA;Ala fija multimotor;AIRBUS INDUSTRIE;A319-112;2;179;NA;Turboventilador
N285WN;2007;Ala fija multimotor;BOEING;737-7H4;2;140;NA;Turboventilador
N846VA;2011;Ala fija multimotor;AIRBUS;A320-214;2;182;NA;Turboventilador
N135EV;2009;Ala fija multimotor;BOMBARDIER INC;CL-600-2D24;2;95;NA;Turboventilador
N438WN;2003;Ala fija multimotor;BOEING;737-7H4;2;140;NA;Turboventilador
N760JB;2008;Ala fija multimotor;AIRBUS;A320-232;2;200;NA;Turboventilador
N770SA;2000;Ala fija multimotor;BOEING;737-7H4;2;140;NA;Turboventilador
N8836A;2003;Ala fija multimotor;BOMBARDIER INC;CL-600-2B19;2;55;NA;Turboventilador
N846UA;2001;Ala fija multimotor;AIRBUS INDUSTRIE;A319-131;2;179;NA;Turboreactor
N207WN;2005;Ala fija multimotor;BOEING;737-7H4;2;140;NA;Turboventilador
N236WN;2006;Ala fija multimotor;BOEING;737-7H4;2;140;NA;Turboventilador
N473AA;1988;Ala fija multimotor;MCDONNELL DOUGLAS;DC-9-82(MD-82);2;172;NA;Turboventilador
N630JB;2005;Ala fija multimotor;AIRBUS;A320-232;2;200;NA;Turboventilador
N358NW;1998;Ala fija multimotor;AIRBUS INDUSTRIE;A320-212;2;182;NA;Turboventilador
N76504;2006;Ala fija multimotor;BOEING;737-824;2;149;NA;Turboventilador
N8610A;2013;Ala fija multimotor;BOEING;737-8H4;2;140;NA;Turboventilador
N39418;2008;Ala fija multimotor;BOEING;737-924ER;2;191;NA;Turboventilador
N907DA;1995;Ala fija multimotor;MCDONNELL DOUGLAS;MD-90-30;2;142;NA;Turboreactor
N14907;2001;Ala fija multimotor;EMBRAER;EMB-145LR;2;55;NA;Turboventilador
N641DL;1988;Ala fija multimotor;BOEING;757-232;2;178;NA;Turboventilador
N907DL;1987;Ala fija multimotor;MCDONNELL DOUGLAS AIRCRAFT CO;MD-88;2;142;NA;Turboventilador
N470WN;2004;Ala fija multimotor;BOEING;737-7H4;2;140;NA;Turboventilador
N13964;1999;Ala fija multimotor;EMBRAER;EMB-145LR;2;55;NA;Turboventilador
N719EV;2003;Ala fija multimotor;BOMBARDIER INC;CL-600-2C10;2;80;NA;Turboventilador
N579UA;1993;Ala fija multimotor;BOEING;757-222;2;178;NA;Turboreactor
N181DN;1992;Ala fija multimotor;BOEING;767-332;2;330;NA;Turboventilador
N389HA;NA;Ala fija multimotor;AIRBUS;A330-243;2;377;NA;Turboventilador
N394AA;2007;Ala fija monomotor;AVIAT AIRCRAFT INC;A-1B;1;2;NA;Recíproco
N78285;2004;Ala fija multimotor;BOEING;737-824;2;149;NA;Turboventilador
N601AW;2003;Ala fija multimotor;AIRBUS;A320-232;2;200;NA;Turboventilador
N179UW;2001;Ala fija multimotor;AIRBUS INDUSTRIE;A321-211;2;199;NA;Turboreactor
N656JB;2007;Ala fija multimotor;AIRBUS;A320-232;2;200;NA;Turboventilador
N26906;2012;Ala fija multimotor;BOEING;787-8;2;260;NA;Turboventilador
N547UW;2011;Ala fija multimotor;AIRBUS;A321-231;2;379;NA;Turboventilador
N315US;1991;Ala fija multimotor;AIRBUS INDUSTRIE;A320-211;2;182;NA;Turboreactor
N71411;2002;Ala fija multimotor;BOEING;737-924;2;191;NA;Turboventilador
N641VA;2008;Ala fija multimotor;AIRBUS;A320-214;2;182;NA;Turboventilador
N549AS;2005;Ala fija multimotor;BOEING;737-8FH;2;149;NA;Turboreactor
N8965E;2004;Ala fija multimotor;BOMBARDIER INC;CL-600-2B19;2;55;NA;Turboventilador
N171DZ;1998;Ala fija multimotor;BOEING;767-332;2;330;NA;Turboventilador
N625AW;1989;Ala fija multimotor;AIRBUS INDUSTRIE;A320-231;2;182;NA;Turboreactor
N937DN;NA;Ala fija multimotor;MCDONNELL DOUGLAS;MD-90-30;2;142;NA;Turboventilador
N13978;1999;Ala fija multimotor;EMBRAER;EMB-145LR;2;55;NA;Turboventilador
N8631E;2002;Ala fija multimotor;BOMBARDIER INC;CL-600-2B19;2;55;NA;Turboventilador
N566UA;1992;Ala fija multimotor;BOEING;757-222;2;178;NA;Turboreactor
N749SW;1999;Ala fija multimotor;BOEING;737-7H4;2;140;NA;Turboventilador
N813SK;2006;Ala fija multimotor;BOMBARDIER INC;CL-600-2D24;2;95;NA;Turboventilador
N337NB;2002;Ala fija multimotor;AIRBUS INDUSTRIE;A319-114;2;145;NA;Turboventilador
N540US;1996;Ala fija multimotor;BOEING;757-251;2;178;NA;Turboreactor
N191DN;1997;Ala fija multimotor;BOEING;767-332;2;330;NA;Turboventilador
N11106;2002;Ala fija multimotor;EMBRAER;EMB-145XR;2;55;NA;Turboventilador
N391DA;2000;Ala fija multimotor;BOEING;737-832;2;189;NA;Turboreactor
N742PS;2000;Ala fija multimotor;AIRBUS INDUSTRIE;A319-112;2;179;NA;Turboventilador
N8554A;2001;Ala fija multimotor;BOMBARDIER INC;CL-600-2B19;2;55;NA;Turboventilador
N27724;1999;Ala fija multimotor;BOEING;737-724;2;149;NA;Turboreactor
N14121;1997;Ala fija multimotor;BOEING;757-224;2;178;NA;Turboreactor
N6708D;2000;Ala fija multimotor;BOEING;757-232;2;178;NA;Turboventilador
N350SW;1989;Ala fija multimotor;BOEING;737-3H4;2;149;NA;Turboventilador
N14629;1965;Ala fija multimotor;BOEING;737-524;2;149;NA;Turboventilador
N965AT;2001;Ala fija multimotor;BOEING;717-200;2;100;NA;Turboventilador
N920DL;1988;Ala fija multimotor;MCDONNELL DOUGLAS AIRCRAFT CO;MD-88;2;142;NA;Turboventilador
N184US;2002;Ala fija multimotor;AIRBUS INDUSTRIE;A321-211;2;199;NA;Turboreactor
N368AA;1991;Ala fija multimotor;BOEING;767-323;2;330;NA;Turboventilador
N556NW;2002;Ala fija multimotor;BOEING;757-251;2;178;NA;Turboreactor
N944AT;1999;Ala fija multimotor;BOEING;717-200;2;100;NA;Turboventilador
N448UA;1998;Ala fija multimotor;AIRBUS INDUSTRIE;A320-232;2;200;NA;Turboventilador
N672AW;2004;Ala fija multimotor;AIRBUS;A320-232;2;200;NA;Turboventilador
N906WN;2008;Ala fija multimotor;BOEING;737-7H4;2;140;NA;Turboventilador
N899AT;2005;Ala fija multimotor;BOEING;717-200;2;100;NA;Turboventilador
N12238;1999;Ala fija multimotor;BOEING;737-824;2;149;NA;Turboventilador
N442WN;2003;Ala fija multimotor;BOEING;737-7H4;2;140;NA;Turboventilador
N640DL;1988;Ala fija multimotor;BOEING;757-232;2;178;NA;Turboventilador
N526AS;2009;Ala fija multimotor;BOEING;737-890;2;149;NA;Turboventilador
N747SA;1999;Ala fija multimotor;BOEING;737-7H4;2;140;NA;Turboventilador
N57869;2002;Ala fija multimotor;BOEING;757-33N;2;275;NA;Turboreactor
N33289;2004;Ala fija multimotor;BOEING;737-824;2;149;NA;Turboventilador
N919WN;2008;Ala fija multimotor;BOEING;737-7H4;2;140;NA;Turboventilador
N297WN;2007;Ala fija multimotor;BOEING;737-7H4;2;140;NA;Turboventilador
N924AT;2000;Ala fija multimotor;BOEING;717-200;2;100;NA;Turboventilador
N339NB;2002;Ala fija multimotor;AIRBUS;A319-114;2;145;NA;Turboventilador
N684DA;1993;Ala fija multimotor;BOEING;757-232;2;178;NA;Turboventilador
N637SW;1996;Ala fija multimotor;BOEING;737-3H4;2;149;NA;Turboventilador
N758EV;2005;Ala fija multimotor;BOMBARDIER INC;CL-600-2C10;2;80;NA;Turboventilador
N12569;2002;Ala fija multimotor;EMBRAER;EMB-145LR;2;55;NA;Turboventilador
N342NW;1993;Ala fija multimotor;AIRBUS INDUSTRIE;A320-212;2;182;NA;Turboventilador
N957UW;2008;Ala fija multimotor;EMBRAER;ERJ 190-100 IGW;2;20;NA;Turboventilador
N831AY;2005;Ala fija multimotor;BOMBARDIER INC;CL-600-2B19;2;55;NA;Turboventilador
N54711;1998;Ala fija multimotor;BOEING;737-724;2;149;NA;Turboreactor
N8601C;2012;Ala fija multimotor;BOEING;737-8H4;2;140;NA;Turboventilador
N663JB;2007;Ala fija multimotor;AIRBUS;A320-232;2;200;NA;Turboventilador
N6703D;2000;Ala fija multimotor;BOEING;757-232;2;178;NA;Turboventilador
N691CA;2007;Ala fija multimotor;BOMBARDIER INC;CL-600-2D24;2;95;NA;Turboventilador
N656UA;1993;Ala fija multimotor;BOEING;767-322;2;330;NA;Turboventilador
N12167;2004;Ala fija multimotor;EMBRAER;EMB-145XR;2;55;NA;Turboventilador
N24202;2000;Ala fija multimotor;BOEING;737-824;2;149;NA;Turboventilador
N334NB;2002;Ala fija multimotor;AIRBUS INDUSTRIE;A319-114;2;145;NA;Turboventilador
N495UA;2002;Ala fija multimotor;AIRBUS;A320-232;2;200;NA;Turboventilador
N918FJ;2004;Ala fija multimotor;BOMBARDIER INC;CL-600-2D24;2;95;NA;Turboventilador
N613AA;1989;Ala fija multimotor;BOEING;757-223;2;178;NA;Turboventilador
N27200;2006;Ala fija multimotor;EMBRAER;EMB-145XR;2;55;NA;Turboventilador
N597JB;2004;Ala fija multimotor;AIRBUS;A320-232;2;200;NA;Turboventilador
N3746H;2001;Ala fija multimotor;BOEING;737-832;2;189;NA;Turboreactor
N8783E;2003;Ala fija multimotor;BOMBARDIER INC;CL-600-2B19;2;55;NA;Turboventilador
N138EV;2009;Ala fija multimotor;BOMBARDIER INC;CL-600-2D24;2;95;NA;Turboventilador
N504MJ;2002;Ala fija multimotor;BOMBARDIER INC;CL-600-2C10;2;80;NA;Turboventilador
N719SW;1998;Ala fija multimotor;BOEING;737-7H4;2;140;NA;Turboventilador
N602XJ;2005;Ala fija multimotor;BOMBARDIER INC;CL-600-2B19;2;55;NA;Turboventilador
N13113;1995;Ala fija multimotor;BOEING;757-224;2;178;NA;Turboreactor
N891AT;2004;Ala fija multimotor;BOEING;717-200;2;100;NA;Turboventilador
N820AS;1997;Ala fija multimotor;CANADAIR;CL-600-2B19;2;55;NA;Turboventilador
N78501;2006;Ala fija multimotor;BOEING;737-824;2;149;NA;Turboventilador
N661AW;2000;Ala fija multimotor;AIRBUS INDUSTRIE;A320-232;2;200;NA;Turboventilador
N604AW;2000;Ala fija multimotor;AIRBUS INDUSTRIE;A320-232;2;200;NA;Turboventilador
N307DQ;2009;Ala fija multimotor;BOEING;737-732;2;149;NA;Turboventilador
N302AS;2003;Ala fija multimotor;BOEING;737-990;2;149;NA;Turboreactor
N907FJ;2003;Ala fija multimotor;BOMBARDIER INC;CL-600-2D24;2;95;NA;Turboventilador
N625AA;1990;Ala fija multimotor;BOEING;757-223;2;178;NA;Turboventilador
N299PQ;2013;Ala fija multimotor;BOMBARDIER INC;CL-600-2D24;2;95;NA;Turboventilador
N905DL;1987;Ala fija multimotor;MCDONNELL DOUGLAS AIRCRAFT CO;MD-88;2;142;NA;Turboventilador
N336AT;2008;Ala fija multimotor;BOEING;737-7BD;2;149;NA;Turboventilador
N521VA;2006;Ala fija multimotor;AIRBUS;A319-115;2;147;NA;Turboventilador
N562JB;2003;Ala fija multimotor;AIRBUS;A320-232;2;200;NA;Turboventilador
N708SW;1998;Ala fija multimotor;BOEING;737-7H4;2;140;NA;Turboventilador
N66808;2013;Ala fija multimotor;BOEING;737-924ER;2;191;NA;Turboventilador
N431WN;2002;Ala fija multimotor;BOEING;737-7H4;2;140;NA;Turboventilador
N8918B;2004;Ala fija multimotor;BOMBARDIER INC;CL-600-2B19;2;55;NA;Turboventilador
N563UW;2012;Ala fija multimotor;AIRBUS;A321-231;2;379;NA;Turboventilador
N563UA;1992;Ala fija multimotor;BOEING;757-222;2;178;NA;Turboreactor
N569JB;2003;Ala fija multimotor;AIRBUS;A320-232;2;200;NA;Turboventilador
N800AY;2004;Ala fija multimotor;BOMBARDIER INC;CL-600-2B19;2;55;NA;Turboventilador
N318NB;2000;Ala fija multimotor;AIRBUS INDUSTRIE;A319-114;2;145;NA;Turboventilador
N524UA;1990;Ala fija multimotor;BOEING;757-222;2;178;NA;Turboreactor
N13968;1999;Ala fija multimotor;EMBRAER;EMB-145LR;2;55;NA;Turboventilador
N974AT;2002;Ala fija multimotor;BOEING;717-200;2;100;NA;Turboventilador
N281JB;2007;Ala fija multimotor;EMBRAER;ERJ 190-100 IGW;2;20;NA;Turboventilador
N929WN;2008;Ala fija multimotor;BOEING;737-7H4;2;140;NA;Turboventilador
N917DN;1997;Ala fija multimotor;MCDONNELL DOUGLAS;MD-90-30;2;142;NA;Turboreactor
N33262;2001;Ala fija multimotor;BOEING;737-824;2;149;NA;Turboventilador
N489AA;1989;Ala fija multimotor;MCDONNELL DOUGLAS;DC-9-82(MD-82);2;172;NA;Turboventilador
N925WN;2008;Ala fija multimotor;BOEING;737-7H4;2;140;NA;Turboventilador
N37465;2013;Ala fija multimotor;BOEING;737-924ER;2;191;NA;Turboventilador
N213FR;2011;Ala fija multimotor;AIRBUS;A320-214;2;182;NA;Turboventilador
N8501F;2001;Ala fija multimotor;BOMBARDIER INC;CL-600-2B19;2;55;NA;Turboventilador
N927XJ;2008;Ala fija multimotor;BOMBARDIER INC;CL-600-2D24;2;95;NA;Turboventilador
N346NB;2002;Ala fija multimotor;AIRBUS;A319-114;2;145;NA;Turboventilador
N219WN;2005;Ala fija multimotor;BOEING;737-7H4;2;140;NA;Turboventilador
N922AT;2005;Ala fija multimotor;BOEING;717-200;2;100;NA;Turboventilador
N381DN;1999;Ala fija multimotor;BOEING;737-832;2;189;NA;Turboreactor
N482UA;2001;Ala fija multimotor;AIRBUS INDUSTRIE;A320-232;2;200;NA;Turboventilador
N824AS;1997;Ala fija multimotor;CANADAIR;CL-600-2B19;2;55;NA;Turboventilador
N6710E;2000;Ala fija multimotor;BOEING;757-232;2;178;NA;Turboventilador
N174DZ;1998;Ala fija multimotor;BOEING;767-332;2;330;NA;Turboventilador
N25705;1998;Ala fija multimotor;BOEING;737-724;2;149;NA;Turboreactor
N16065;1999;Ala fija multimotor;BOEING;767-332;2;330;NA;Turboventilador
N621SW;1996;Ala fija multimotor;BOEING;737-3H4;2;149;NA;Turboventilador
N659DL;1990;Ala fija multimotor;BOEING;757-232;2;178;NA;Turboventilador
N319AA;1985;Ala fija multimotor;BOEING;767-223;2;255;NA;Turboventilador
N712EV;2002;Ala fija multimotor;BOMBARDIER INC;CL-600-2C10;2;80;NA;Turboventilador
N315NB;2000;Ala fija multimotor;AIRBUS INDUSTRIE;A319-114;2;145;NA;Turboventilador
N767NC;1977;Ala fija multimotor;MCDONNELL DOUGLAS;DC-9-51;2;139;432;Turboreactor
N475AA;1988;Ala fija multimotor;MCDONNELL DOUGLAS;DC-9-82(MD-82);2;172;NA;Turboventilador
N41104;2002;Ala fija multimotor;EMBRAER;EMB-145XR;2;55;NA;Turboventilador
N14174;2004;Ala fija multimotor;EMBRAER;EMB-145XR;2;55;NA;Turboventilador
N953DN;NA;Ala fija multimotor;MCDONNELL DOUGLAS;MD-90-30;2;142;NA;Turboreactor
N648AW;1997;Ala fija multimotor;AIRBUS INDUSTRIE;A320-232;2;200;NA;Turboventilador
N307AS;2001;Ala fija multimotor;BOEING;737-990;2;149;NA;Turboreactor
N744P;2000;Ala fija multimotor;AIRBUS INDUSTRIE;A319-112;2;179;NA;Turboventilador
N577AS;2007;Ala fija multimotor;BOEING;737-890;2;149;NA;Turboventilador
N456WN;2004;Ala fija multimotor;BOEING;737-7H4;2;140;NA;Turboventilador
N552AA;1991;Ala fija multimotor;MCDONNELL DOUGLAS;DC-9-82(MD-82);2;172;NA;Turboventilador
N498UA;2002;Ala fija multimotor;AIRBUS;A320-232;2;200;NA;Turboventilador
N590UA;1997;Ala fija multimotor;BOEING;757-222;2;178;NA;Turboreactor
N420WN;2001;Ala fija multimotor;BOEING;737-7H4;2;140;NA;Turboventilador
N840MH;2001;Ala fija multimotor;BOEING;767-432ER;2;300;NA;Turboreactor
N332AA;1987;Ala fija multimotor;BOEING;767-223;2;255;NA;Turboventilador
N555AY;2012;Ala fija multimotor;AIRBUS;A321-231;2;379;NA;Turboventilador
N10156;2004;Ala fija multimotor;EMBRAER;EMB-145XR;2;55;NA;Turboventilador
N8971A;2004;Ala fija multimotor;BOMBARDIER INC;CL-600-2B19;2;55;NA;Turboventilador
N551AA;1985;Ala fija monomotor;LEBLANC GLENN T;FALCON XP;1;2;NA;Recíproco
N361NB;2003;Ala fija multimotor;AIRBUS;A319-114;2;145;NA;Turboventilador
N539UA;1991;Ala fija multimotor;BOEING;757-222;2;178;NA;Turboreactor
N508AS;2008;Ala fija multimotor;BOEING;737-890;2;149;NA;Turboventilador
N3759;2001;Ala fija multimotor;BOEING;737-832;2;189;NA;Turboreactor
N169AT;2004;Ala fija multimotor;BOEING;737-76N;2;149;NA;Turboventilador
N509JB;2000;Ala fija multimotor;AIRBUS INDUSTRIE;A320-232;2;200;NA;Turboventilador
N237WN;2006;Ala fija multimotor;BOEING;737-7H4;2;140;NA;Turboventilador
N674UA;2000;Ala fija multimotor;BOEING;767-322;2;330;NA;Turboventilador
N323JB;2010;Ala fija multimotor;EMBRAER;ERJ 190-100 IGW;2;20;NA;Turboventilador
N704X;1997;Ala fija multimotor;BOEING;757-2Q8;2;178;NA;Turboventilador
N423WN;2002;Ala fija multimotor;BOEING;737-7H4;2;140;NA;Turboventilador
N8602F;2012;Ala fija multimotor;BOEING;737-8H4;2;140;NA;Turboventilador
N136DL;1991;Ala fija multimotor;BOEING;767-332;2;330;NA;Turboventilador
N616DL;1986;Ala fija multimotor;BOEING;757-232;2;178;NA;Turboventilador
N392DA;2000;Ala fija multimotor;BOEING;737-832;2;189;NA;Turboreactor
N542UW;2009;Ala fija multimotor;AIRBUS;A321-231;2;379;NA;Turboventilador
N524UW;2009;Ala fija multimotor;AIRBUS;A321-231;2;379;NA;Turboventilador
N464UA;2000;Ala fija multimotor;AIRBUS INDUSTRIE;A320-232;2;200;NA;Turboventilador
N508JB;2007;Ala fija monomotor;CIRRUS DESIGN CORP;SR22;1;4;NA;Recíproco
N573UA;1992;Ala fija multimotor;BOEING;757-222;2;178;NA;Turboreactor
N14115;1995;Ala fija multimotor;BOEING;757-224;2;178;NA;Turboreactor
N14198;2006;Ala fija multimotor;EMBRAER;EMB-145XR;2;55;NA;Turboventilador
N437WN;2003;Ala fija multimotor;BOEING;737-7H4;2;140;NA;Turboventilador
N670US;1990;Ala fija multimotor;BOEING;747-451;4;450;NA;Turboreactor
N906DA;1995;Ala fija multimotor;MCDONNELL DOUGLAS;MD-90-30;2;142;NA;Turboreactor
N603AT;2001;Ala fija multimotor;BOEING;717-200;2;100;NA;Turboventilador
N519JB;2001;Ala fija multimotor;AIRBUS INDUSTRIE;A320-232;2;200;NA;Turboventilador
N668UA;1999;Ala fija multimotor;BOEING;767-322;2;330;NA;Turboventilador
N12125;1998;Ala fija multimotor;BOEING;757-224;2;178;NA;Turboreactor
N907XJ;2007;Ala fija multimotor;BOMBARDIER INC;CL-600-2D24;2;95;NA;Turboventilador
N737JW;1999;Ala fija multimotor;BOEING;737-7H4;2;140;NA;Turboventilador
N911DL;1987;Ala fija multimotor;MCDONNELL DOUGLAS AIRCRAFT CO;MD-88;2;142;NA;Turboventilador
N940DL;1989;Ala fija multimotor;MCDONNELL DOUGLAS AIRCRAFT CO;MD-88;2;142;NA;Turboventilador
N529UA;1991;Ala fija multimotor;BOEING;757-222;2;178;NA;Turboreactor
N751EV;2004;Ala fija multimotor;BOMBARDIER INC;CL-600-2C10;2;80;NA;Turboventilador
N67134;1999;Ala fija multimotor;BOEING;757-224;2;178;NA;Turboreactor
N651UA;1992;Ala fija multimotor;BOEING;767-322;2;330;NA;Turboventilador
